Path;SteerAngle;Throttle;Brake;Speed;X_Position;Y_Position;Pitch;Yaw;Roll
../recorded_data/IMG/robocam_2018_12_15_18_49_19_200.jpg;0;0;1;0;99.66999;85.58897;0.0002360451;56.82556;-6.598455E-08
../recorded_data/IMG/robocam_2018_12_15_18_49_19_266.jpg;0;0;0;0;99.66999;85.58897;0.0002360908;56.82556;-2.194035E-07
../recorded_data/IMG/robocam_2018_12_15_18_49_19_333.jpg;0;0;0;0;99.66999;85.58897;0.0002360451;56.82556;-6.598455E-08
../recorded_data/IMG/robocam_2018_12_15_18_49_19_400.jpg;0;0;0;0;99.66999;85.58897;0.0002360908;56.82556;-2.194035E-07
../recorded_data/IMG/robocam_2018_12_15_18_49_19_467.jpg;0;0;0;0;99.66999;85.58897;0.0002360299;56.82556;-1.48449E-08
../recorded_data/IMG/robocam_2018_12_15_18_49_19_533.jpg;0;0;0;0;99.66999;85.58897;0.0002360756;56.82556;-1.682639E-07
../recorded_data/IMG/robocam_2018_12_15_18_49_19_599.jpg;0;0;0;0;99.66999;85.58897;0.0002360299;56.82556;-1.48449E-08
../recorded_data/IMG/robocam_2018_12_15_18_49_19_667.jpg;0;0;0;0;99.66999;85.58897;0.0002360603;56.82556;-1.171242E-07
../recorded_data/IMG/robocam_2018_12_15_18_49_19_733.jpg;0;0;0;0;99.66999;85.58897;0.0002360603;56.82556;-1.171242E-07
../recorded_data/IMG/robocam_2018_12_15_18_49_19_799.jpg;0;0;0;0;99.66999;85.58897;0.0002360603;56.82556;-1.171242E-07
../recorded_data/IMG/robocam_2018_12_15_18_49_19_866.jpg;0;0;0;0;99.66999;85.58897;0.0002360908;56.82556;-2.194035E-07
../recorded_data/IMG/robocam_2018_12_15_18_49_19_936.jpg;0;0;0;0;99.66999;85.58897;0.0002360451;56.82556;-6.598455E-08
../recorded_data/IMG/robocam_2018_12_15_18_49_20_001.jpg;0;0;0;0;99.66999;85.58897;0.0002359885;56.82556;-2.498685E-07
../recorded_data/IMG/robocam_2018_12_15_18_49_20_068.jpg;0;0;0;0;99.66999;85.58897;0.0002358144;56.82556;-4.130841E-07
../recorded_data/IMG/robocam_2018_12_15_18_49_20_133.jpg;0;0;0;0;99.66999;85.58897;0.0002358601;56.82556;-5.665031E-07
../recorded_data/IMG/robocam_2018_12_15_18_49_20_201.jpg;0;0;0;0;99.66999;85.58897;0.0002358144;56.82556;-4.130841E-07
../recorded_data/IMG/robocam_2018_12_15_18_49_20_267.jpg;0;0;0;0;99.66999;85.58897;0.0002358449;56.82556;-5.153635E-07
../recorded_data/IMG/robocam_2018_12_15_18_49_20_333.jpg;0;0;0;0;99.66999;85.58897;0.0002358144;56.82556;-4.130841E-07
../recorded_data/IMG/robocam_2018_12_15_18_49_20_400.jpg;0;0;0;0;99.66999;85.58897;0.0002358601;56.82556;-5.665031E-07
../recorded_data/IMG/robocam_2018_12_15_18_49_20_466.jpg;0;0;0;0;99.66999;85.58897;0.0002358296;56.82556;-4.642238E-07
../recorded_data/IMG/robocam_2018_12_15_18_49_20_533.jpg;0;0;0;0;99.66999;85.58897;0.0002358296;56.82556;-4.642238E-07
../recorded_data/IMG/robocam_2018_12_15_18_49_20_599.jpg;0;0;0;0;99.66999;85.58897;0.0002358296;56.82556;-4.642238E-07
../recorded_data/IMG/robocam_2018_12_15_18_49_20_666.jpg;0;0;0;0;99.66999;85.58897;0.0002357992;56.82556;-3.619445E-07
../recorded_data/IMG/robocam_2018_12_15_18_49_20_733.jpg;0;0;0;0;99.66999;85.58897;0.0002360037;56.82556;-3.010146E-07
../recorded_data/IMG/robocam_2018_12_15_18_49_20_799.jpg;0;0;0;0;99.66999;85.58897;0.000235958;56.82556;-1.475891E-07
../recorded_data/IMG/robocam_2018_12_15_18_49_20_866.jpg;0;0;0;0;99.66999;85.58897;0.0002359733;56.82556;-1.987288E-07
../recorded_data/IMG/robocam_2018_12_15_18_49_20_933.jpg;0;0;0;0;99.66999;85.58897;0.0002359733;56.82556;-1.987288E-07
../recorded_data/IMG/robocam_2018_12_15_18_49_21_000.jpg;0;0;0;0;99.66999;85.58897;0.0002359733;56.82556;-1.987288E-07
../recorded_data/IMG/robocam_2018_12_15_18_49_21_066.jpg;0;0;0;0;99.66999;85.58897;0.0002359885;56.82556;-2.498685E-07
../recorded_data/IMG/robocam_2018_12_15_18_49_21_133.jpg;0;0;0;0;99.66999;85.58897;0.0002359428;56.82556;-9.644948E-08
../recorded_data/IMG/robocam_2018_12_15_18_49_21_199.jpg;0;0;0;0;99.66999;85.58897;0.0002359885;56.82556;-2.498685E-07
../recorded_data/IMG/robocam_2018_12_15_18_49_21_266.jpg;0;0;0;0;99.66999;85.58897;0.000235958;56.82556;-1.475891E-07
../recorded_data/IMG/robocam_2018_12_15_18_49_21_333.jpg;0;0;0;0;99.66999;85.58897;0.0002360037;56.82556;-3.010146E-07
../recorded_data/IMG/robocam_2018_12_15_18_49_21_400.jpg;0;0;0;0;99.66999;85.58897;0.000235958;56.82556;-1.475891E-07
../recorded_data/IMG/robocam_2018_12_15_18_49_21_466.jpg;0;0;0;0;99.66999;85.58897;0.0002359733;56.82556;-1.987288E-07
../recorded_data/IMG/robocam_2018_12_15_18_49_21_533.jpg;0;0;0;0;99.66999;85.58897;0.000236019;56.82556;-3.521543E-07
../recorded_data/IMG/robocam_2018_12_15_18_49_21_600.jpg;0;0;0;0;99.66999;85.58897;0.0002359733;56.82556;-1.987288E-07
../recorded_data/IMG/robocam_2018_12_15_18_49_21_667.jpg;0;0;0;0;99.66999;85.58897;0.0002360037;56.82556;-3.010146E-07
../recorded_data/IMG/robocam_2018_12_15_18_49_21_735.jpg;0;0;0;0;99.66999;85.58897;0.000235958;56.82556;-1.475891E-07
../recorded_data/IMG/robocam_2018_12_15_18_49_21_804.jpg;0;0;0;0;99.66999;85.58897;0.0002358862;56.82556;-2.803334E-07
../recorded_data/IMG/robocam_2018_12_15_18_49_21_870.jpg;0;0;0;0;99.66999;85.58897;0.0002359015;56.82556;-3.314796E-07
../recorded_data/IMG/robocam_2018_12_15_18_49_21_937.jpg;0;0;0;0;99.66999;85.58897;0.0002359015;56.82556;-3.314796E-07
../recorded_data/IMG/robocam_2018_12_15_18_49_22_004.jpg;0;0;0;0;99.66999;85.58897;0.0002359015;56.82556;-3.314796E-07
../recorded_data/IMG/robocam_2018_12_15_18_49_22_070.jpg;0;0;0;0;99.66999;85.58897;0.0002359167;56.82556;-3.826192E-07
../recorded_data/IMG/robocam_2018_12_15_18_49_22_136.jpg;0;0;0;0;99.66999;85.58897;0.000235871;56.82556;-2.291937E-07
../recorded_data/IMG/robocam_2018_12_15_18_49_22_203.jpg;0;0;0;0;99.66999;85.58897;0.0002359167;56.82556;-3.826192E-07
../recorded_data/IMG/robocam_2018_12_15_18_49_22_270.jpg;0;0;0;0;99.66999;85.58897;0.0002358862;56.82556;-2.803334E-07
../recorded_data/IMG/robocam_2018_12_15_18_49_22_335.jpg;0;0;0;0;99.66999;85.58897;0.0002359319;56.82556;-4.337589E-07
../recorded_data/IMG/robocam_2018_12_15_18_49_22_402.jpg;0;0;0;0;99.66999;85.58897;0.0002359885;56.82556;-2.498685E-07
../recorded_data/IMG/robocam_2018_12_15_18_49_22_468.jpg;0;0.09876287;0;0;99.66998;85.58896;-0.0006484655;56.82551;-4.021736E-07
../recorded_data/IMG/robocam_2018_12_15_18_49_22_535.jpg;0;0.2986797;0;0.01529227;99.67089;85.59037;0.03613112;56.83401;1.535792E-06
../recorded_data/IMG/robocam_2018_12_15_18_49_22_601.jpg;0;0.09908366;0;0.02025288;99.67191;85.59195;0.07408573;56.90943;-1.194284E-05
../recorded_data/IMG/robocam_2018_12_15_18_49_22_667.jpg;0;0;0;0.01278511;99.67329;85.59406;0.1174044;56.9116;-3.875673E-05
../recorded_data/IMG/robocam_2018_12_15_18_49_22_734.jpg;0;0;0;0.02470037;99.67437;85.59573;0.1472302;56.91154;-1.415735E-05
../recorded_data/IMG/robocam_2018_12_15_18_49_22_800.jpg;0;0;0;0.02471382;99.67538;85.59728;0.1689816;56.91154;8.170917E-06
../recorded_data/IMG/robocam_2018_12_15_18_49_22_867.jpg;0;0;0;0.02472931;99.67661;85.59917;0.1859449;56.91154;3.457468E-05
../recorded_data/IMG/robocam_2018_12_15_18_49_22_933.jpg;0;0;0;0.02474549;99.67745;85.60048;0.1903056;56.91154;5.129673E-05
../recorded_data/IMG/robocam_2018_12_15_18_49_23_000.jpg;0;0;0;0.02476289;99.67823;85.60168;0.1882583;56.91154;6.515395E-05
../recorded_data/IMG/robocam_2018_12_15_18_49_23_067.jpg;0;0;0;0.0247695;99.67919;85.60316;0.1769676;56.91154;7.974483E-05
../recorded_data/IMG/robocam_2018_12_15_18_49_23_133.jpg;0;0;0;0.02476827;99.67986;85.6042;0.1632319;56.91154;8.796572E-05
../recorded_data/IMG/robocam_2018_12_15_18_49_23_201.jpg;0;0;0;0.02475188;99.6805;85.60519;0.146011;56.91154;9.370196E-05
../recorded_data/IMG/robocam_2018_12_15_18_49_23_268.jpg;0;0;0;0.02472721;99.68131;85.60645;0.1192213;56.91154;9.796405E-05
../recorded_data/IMG/robocam_2018_12_15_18_49_23_334.jpg;0;0;0;0.02469139;99.6819;85.60736;0.0974066;56.91154;9.828083E-05
../recorded_data/IMG/robocam_2018_12_15_18_49_23_401.jpg;0;0;0;0.02462617;99.6825;85.60827;0.07503134;56.91154;9.663824E-05
../recorded_data/IMG/robocam_2018_12_15_18_49_23_467.jpg;0;0;0;0.02456457;99.68328;85.60948;0.0455909;56.91153;9.167148E-05
../recorded_data/IMG/robocam_2018_12_15_18_49_23_534.jpg;0;0;0;0.02449282;99.68388;85.61041;0.02462538;56.91153;8.568045E-05
../recorded_data/IMG/robocam_2018_12_15_18_49_23_603.jpg;0;0;0;0.02438301;99.68449;85.61136;0.005195856;56.91153;7.911341E-05
../recorded_data/IMG/robocam_2018_12_15_18_49_23_667.jpg;0;0;0;0.02429694;99.68494;85.61201;359.9656;56.91165;6.388629E-05
../recorded_data/IMG/robocam_2018_12_15_18_49_23_733.jpg;0;0;0;0.01186237;99.68494;85.61202;359.9271;56.91165;5.819006E-05
../recorded_data/IMG/robocam_2018_12_15_18_49_23_799.jpg;0;0;0;0.01022419;99.68495;85.61202;359.8927;56.91165;5.15967E-05
../recorded_data/IMG/robocam_2018_12_15_18_49_23_867.jpg;0;0;0;0;99.68496;85.61202;359.854;56.91166;4.242868E-05
../recorded_data/IMG/robocam_2018_12_15_18_49_23_935.jpg;0;0;0;0;99.68496;85.61202;359.8307;56.91165;3.487146E-05
../recorded_data/IMG/robocam_2018_12_15_18_49_24_001.jpg;0;0;0;0;99.68497;85.61203;359.8123;56.91166;2.769776E-05
../recorded_data/IMG/robocam_2018_12_15_18_49_24_069.jpg;0;0;0;0;99.68497;85.61205;359.7954;56.91166;1.801274E-05
../recorded_data/IMG/robocam_2018_12_15_18_49_24_135.jpg;0;0;0;0;99.68497;85.61205;359.7884;56.91166;1.089236E-05
../recorded_data/IMG/robocam_2018_12_15_18_49_24_201.jpg;0;0;0;0;99.68497;85.61207;359.7859;56.91166;4.469002E-06
../recorded_data/IMG/robocam_2018_12_15_18_49_24_267.jpg;0;0;0;0;99.68497;85.61207;359.7893;56.91166;-3.561861E-06
../recorded_data/IMG/robocam_2018_12_15_18_49_24_333.jpg;0;0;0;0;99.68498;85.61207;359.7963;56.91166;-8.924658E-06
../recorded_data/IMG/robocam_2018_12_15_18_49_24_400.jpg;0;0;0;0;99.68498;85.61207;359.8067;56.91166;-1.350371E-05
../recorded_data/IMG/robocam_2018_12_15_18_49_24_467.jpg;0;0;0;0;99.68498;85.61206;359.8251;56.91166;-1.840625E-05
../recorded_data/IMG/robocam_2018_12_15_18_49_24_533.jpg;0;0;0;0;99.68497;85.61206;359.8417;56.91166;-2.16279E-05
../recorded_data/IMG/robocam_2018_12_15_18_49_24_600.jpg;0;0;0;0;99.68497;85.61205;359.8602;56.91166;-2.389239E-05
../recorded_data/IMG/robocam_2018_12_15_18_49_24_667.jpg;0;0;0;0;99.68497;85.61205;359.8867;56.91166;-2.617689E-05
../recorded_data/IMG/robocam_2018_12_15_18_49_24_733.jpg;0;0;0;0;99.68496;85.61204;359.9076;56.91166;-2.707399E-05
../recorded_data/IMG/robocam_2018_12_15_18_49_24_800.jpg;0;0;0;0;99.68495;85.61202;359.9287;56.91165;-2.733078E-05
../recorded_data/IMG/robocam_2018_12_15_18_49_24_866.jpg;0;0;0;0;99.68494;85.61201;359.9565;56.91166;-2.663207E-05
../recorded_data/IMG/robocam_2018_12_15_18_49_24_933.jpg;0;0;0;0;99.68494;85.61201;359.9767;56.91166;-2.534932E-05
../recorded_data/IMG/robocam_2018_12_15_18_49_25_001.jpg;0;0;0;0;99.68494;85.61201;-0.004232861;56.91166;-2.361363E-05
../recorded_data/IMG/robocam_2018_12_15_18_49_25_073.jpg;0;0;0;0;99.68493;85.612;0.01919074;56.91166;-2.107795E-05
../recorded_data/IMG/robocam_2018_12_15_18_49_25_140.jpg;0;0;0;0;99.68493;85.61199;0.03489397;56.91165;-1.881804E-05
../recorded_data/IMG/robocam_2018_12_15_18_49_25_206.jpg;0;0;0;0;99.68492;85.61199;0.05299585;56.91166;-1.554636E-05
../recorded_data/IMG/robocam_2018_12_15_18_49_25_272.jpg;0;0.1987649;0;0.01104096;99.68553;85.61292;0.08916392;56.89764;5.258718E-05
../recorded_data/IMG/robocam_2018_12_15_18_49_25_342.jpg;0;0.4000379;0;0;99.68633;85.61414;0.1274917;56.89524;7.200731E-05
../recorded_data/IMG/robocam_2018_12_15_18_49_25_406.jpg;0;0.2009819;0;0.03043756;99.68841;85.61734;0.2107435;56.96983;-0.0002675131
../recorded_data/IMG/robocam_2018_12_15_18_49_25_473.jpg;0;0.001178741;0;0.04629901;99.69051;85.62054;0.283875;56.87981;4.262917E-05
../recorded_data/IMG/robocam_2018_12_15_18_49_25_539.jpg;0;0;0;0.04032823;99.69231;85.62332;0.3351111;56.86437;0.0001112793
../recorded_data/IMG/robocam_2018_12_15_18_49_25_605.jpg;0;0;0;0.04039073;99.69398;85.62587;0.3700681;56.86435;2.919567E-05
../recorded_data/IMG/robocam_2018_12_15_18_49_25_672.jpg;0;0;0;0.04050035;99.69593;85.62887;0.3894093;56.86426;-1.680906E-06
../recorded_data/IMG/robocam_2018_12_15_18_49_25_738.jpg;0;0;0;0.04058184;99.69724;85.63089;0.3881259;56.86423;0.0001630545
../recorded_data/IMG/robocam_2018_12_15_18_49_25_804.jpg;0;0;0;0.0406496;99.69844;85.63274;0.3750752;56.86423;0.000363015
../recorded_data/IMG/robocam_2018_12_15_18_49_25_871.jpg;0;0;0;0.04068356;99.6999;85.63498;0.3423431;56.86423;0.0005903351
../recorded_data/IMG/robocam_2018_12_15_18_49_25_937.jpg;0;0;0;0.04069901;99.7009;85.63652;0.3087243;56.86422;0.0007295801
../recorded_data/IMG/robocam_2018_12_15_18_49_26_005.jpg;0;0;0;0.04068676;99.70185;85.63799;0.2694354;56.86422;0.0008414099
../recorded_data/IMG/robocam_2018_12_15_18_49_26_071.jpg;0;0;0;0.04065121;99.70307;85.63985;0.211403;56.86422;0.0009491692
../recorded_data/IMG/robocam_2018_12_15_18_49_26_140.jpg;0;0;0;0.04059255;99.70396;85.64123;0.1658772;56.86423;0.0009988592
../recorded_data/IMG/robocam_2018_12_15_18_49_26_205.jpg;0;0;0;0.04047921;99.70486;85.6426;0.1203726;56.86422;0.001024287
../recorded_data/IMG/robocam_2018_12_15_18_49_26_271.jpg;0;0;0;0.04036934;99.70607;85.64445;0.06207361;56.86422;0.001021903
../recorded_data/IMG/robocam_2018_12_15_18_49_26_336.jpg;0;0;0;0.04024006;99.70701;85.64588;0.02159873;56.86422;0.0009960824
../recorded_data/IMG/robocam_2018_12_15_18_49_26_402.jpg;0;0;0;0.04004122;99.70796;85.64735;359.9849;56.86422;0.0009523216
../recorded_data/IMG/robocam_2018_12_15_18_49_26_469.jpg;0;0;0;0.03987542;99.7093;85.64941;359.943;56.8642;0.0008699675
../recorded_data/IMG/robocam_2018_12_15_18_49_26_538.jpg;0;0.1033949;0;0.02149587;99.70921;85.64925;359.8705;56.92172;0.0008098797
../recorded_data/IMG/robocam_2018_12_15_18_49_26_601.jpg;0;0.2995201;0;0.02650304;99.70981;85.65017;359.8351;56.98944;0.001130091
../recorded_data/IMG/robocam_2018_12_15_18_49_26_669.jpg;0;0.4979789;0;0.04118534;99.71262;85.6545;359.8749;56.88276;0.0009288179
../recorded_data/IMG/robocam_2018_12_15_18_49_26_735.jpg;0;0.6990119;0;0.07921531;99.71628;85.66012;359.9669;56.98049;0.0009425821
../recorded_data/IMG/robocam_2018_12_15_18_49_26_802.jpg;0;0.8973688;0;0.1196203;99.72173;85.66849;0.1233868;56.85167;0.001078842
../recorded_data/IMG/robocam_2018_12_15_18_49_26_867.jpg;0;1;0;0.1605111;99.73271;85.68501;0.4452283;56.67651;359.9942
../recorded_data/IMG/robocam_2018_12_15_18_49_26_934.jpg;0;1;0;0.2280915;99.74329;85.7014;0.729353;56.61913;-1.035284E-05
../recorded_data/IMG/robocam_2018_12_15_18_49_27_001.jpg;0;1;0;0.2997884;99.75612;85.72074;1.035568;56.50523;0.0001454588
../recorded_data/IMG/robocam_2018_12_15_18_49_27_068.jpg;0;1;0;0.3330839;99.7746;85.74839;1.34623;56.53544;-0.003847125
../recorded_data/IMG/robocam_2018_12_15_18_49_27_137.jpg;0;1;0;0.3949924;99.78757;85.76737;1.25614;56.64355;-0.001903679
../recorded_data/IMG/robocam_2018_12_15_18_49_27_204.jpg;0;1;0;0.4644621;99.802;85.78903;1.122868;56.55106;-0.000247375
../recorded_data/IMG/robocam_2018_12_15_18_49_27_268.jpg;0;1;0;0.5187675;99.82484;85.82343;1.06102;56.69288;-0.001063397
../recorded_data/IMG/robocam_2018_12_15_18_49_27_335.jpg;0;1;0;0.563179;99.84415;85.85256;1.071988;56.74974;-0.001036182
../recorded_data/IMG/robocam_2018_12_15_18_49_27_400.jpg;0;1;0;0.6355972;99.86581;85.88542;1.146084;56.81079;-0.0006051797
../recorded_data/IMG/robocam_2018_12_15_18_49_27_468.jpg;0;1;0;0.6716723;99.89674;85.93234;1.239941;56.786;-0.0004756632
../recorded_data/IMG/robocam_2018_12_15_18_49_27_535.jpg;0;1;0;0.7228321;99.92134;85.9696;1.246885;56.84107;-0.0009643788
../recorded_data/IMG/robocam_2018_12_15_18_49_27_601.jpg;0;1;0;0.8000358;99.94742;86.00911;1.226331;56.81411;-0.0007135713
../recorded_data/IMG/robocam_2018_12_15_18_49_27_668.jpg;0;1;0;0.8441446;99.98457;86.06556;1.192683;56.83936;-0.0005104805
../recorded_data/IMG/robocam_2018_12_15_18_49_27_736.jpg;0;1;0;0.8978372;100.0149;86.1117;1.213362;56.87566;-0.0007285656
../recorded_data/IMG/robocam_2018_12_15_18_49_27_802.jpg;0;1;0;0.966871;100.0468;86.16003;1.222878;56.83123;-0.0007823682
../recorded_data/IMG/robocam_2018_12_15_18_49_27_868.jpg;0;1;0;1.009758;100.0917;86.22828;1.225464;56.81998;-0.0008534353
../recorded_data/IMG/robocam_2018_12_15_18_49_27_935.jpg;0;1;0;1.063301;100.1272;86.2821;1.217723;56.82968;-0.001221839
../recorded_data/IMG/robocam_2018_12_15_18_49_28_001.jpg;0;1;0;1.120614;100.1643;86.33832;1.219707;56.85532;-0.001225523
../recorded_data/IMG/robocam_2018_12_15_18_49_28_068.jpg;0;1;0;1.166815;100.2161;86.41692;1.225458;56.83976;-0.0005379737
../recorded_data/IMG/robocam_2018_12_15_18_49_28_134.jpg;0;1;0;1.213995;100.2567;86.47864;1.230087;56.80044;-0.0006198757
../recorded_data/IMG/robocam_2018_12_15_18_49_28_200.jpg;0;1;0;1.276453;100.2989;86.54259;1.229664;56.78376;-0.0009307742
../recorded_data/IMG/robocam_2018_12_15_18_49_28_269.jpg;0;1;0;1.324586;100.3578;86.63176;1.23879;56.7456;-0.0008473815
../recorded_data/IMG/robocam_2018_12_15_18_49_28_336.jpg;0;1;0;1.371207;100.4038;86.70132;1.243772;56.72682;-0.0008799944
../recorded_data/IMG/robocam_2018_12_15_18_49_28_401.jpg;0;0.8011299;0;1.432871;100.4512;86.77301;1.244248;56.70983;-0.0008908293
../recorded_data/IMG/robocam_2018_12_15_18_49_28_468.jpg;0;0.6009248;0;1.466808;100.5162;86.87117;1.242482;56.69899;-0.0004642685
../recorded_data/IMG/robocam_2018_12_15_18_49_28_535.jpg;0;0.4021989;0;1.492372;100.5658;86.94605;1.237924;56.69046;-0.0004174593
../recorded_data/IMG/robocam_2018_12_15_18_49_28_601.jpg;0;0.2020839;0;1.510565;100.6157;87.02126;1.21396;56.68135;-0.000365337
../recorded_data/IMG/robocam_2018_12_15_18_49_28_670.jpg;0;0.002902031;0;1.513487;100.6818;87.12093;1.130615;56.66929;-0.0002578098
../recorded_data/IMG/robocam_2018_12_15_18_49_28_734.jpg;-1.472265;0;0;1.509654;100.7311;87.19469;1.02803;56.59866;-0.0001185068
../recorded_data/IMG/robocam_2018_12_15_18_49_28_801.jpg;-4.462289;0;0;1.50314;100.7809;87.26722;0.8982438;56.32946;-0.005044288
../recorded_data/IMG/robocam_2018_12_15_18_49_28_867.jpg;-7.454926;0;0;1.497247;100.8492;87.36105;0.6877863;55.56329;359.9248
../recorded_data/IMG/robocam_2018_12_15_18_49_28_933.jpg;-10.44526;0;0;1.490658;100.9022;87.42897;0.5064913;54.69654;359.8181
../recorded_data/IMG/robocam_2018_12_15_18_49_29_000.jpg;-13.43767;0;0;1.480403;100.9569;87.49458;0.3089786;53.60143;359.6667
../recorded_data/IMG/robocam_2018_12_15_18_49_29_066.jpg;-15;0;0;1.470683;101.0326;87.57806;0.02602636;51.82848;359.4016
../recorded_data/IMG/robocam_2018_12_15_18_49_29_135.jpg;-15;0;0;1.463192;101.0908;87.63924;359.8468;50.48226;359.2124
../recorded_data/IMG/robocam_2018_12_15_18_49_29_202.jpg;-15;0;0;1.451975;101.1504;87.69987;359.7403;49.14831;359.0628
../recorded_data/IMG/robocam_2018_12_15_18_49_29_269.jpg;-15;0;0;1.444135;101.2326;87.78114;359.7751;47.46007;358.9937
../recorded_data/IMG/robocam_2018_12_15_18_49_29_334.jpg;-15;0;0;1.435794;101.2973;87.8406;359.9144;46.13469;358.9973
../recorded_data/IMG/robocam_2018_12_15_18_49_29_400.jpg;-11.99535;0;0;1.424407;101.3629;87.89796;0.03249703;44.86354;359.0038
../recorded_data/IMG/robocam_2018_12_15_18_49_29_467.jpg;-9.022783;0;0;1.421721;101.4496;87.97281;0.1062601;43.55025;359.0509
../recorded_data/IMG/robocam_2018_12_15_18_49_29_533.jpg;-6.022952;0;0;1.418438;101.5141;88.02856;0.1308451;42.86549;359.1126
../recorded_data/IMG/robocam_2018_12_15_18_49_29_600.jpg;-3.016952;0;0;1.413328;101.5779;88.08433;0.1375451;42.42464;359.1961
../recorded_data/IMG/robocam_2018_12_15_18_49_29_667.jpg;-0.02188504;0;0;1.408885;101.6614;88.15937;0.1218407;42.24974;359.3529
../recorded_data/IMG/robocam_2018_12_15_18_49_29_733.jpg;0;0;0;1.404119;101.7234;88.21556;0.0944441;42.24135;359.4827
../recorded_data/IMG/robocam_2018_12_15_18_49_29_800.jpg;0;0;0;1.397985;101.785;88.27145;0.05741905;42.24036;359.6113
../recorded_data/IMG/robocam_2018_12_15_18_49_29_866.jpg;0;0;0;1.393348;101.8668;88.34551;-0.002884728;42.23999;359.7765
../recorded_data/IMG/robocam_2018_12_15_18_49_29_933.jpg;0;0;0;1.388683;101.9278;88.40076;359.9466;42.23985;359.8929
../recorded_data/IMG/robocam_2018_12_15_18_49_30_000.jpg;0;0;0;1.382423;101.9886;88.4558;359.8937;42.23979;0.0009854365
../recorded_data/IMG/robocam_2018_12_15_18_49_30_067.jpg;0;0;0;1.377704;102.0693;88.52886;359.8231;42.23983;0.1296655
../recorded_data/IMG/robocam_2018_12_15_18_49_30_134.jpg;0;0;0;1.372973;102.1297;88.58346;359.772;42.23994;0.2132362
../recorded_data/IMG/robocam_2018_12_15_18_49_30_200.jpg;0;0;0;1.366574;102.1901;88.63791;359.7349;42.23558;0.2732283
../recorded_data/IMG/robocam_2018_12_15_18_49_30_267.jpg;0;0;0;1.361393;102.2706;88.71051;359.7114;42.22922;0.3205799
../recorded_data/IMG/robocam_2018_12_15_18_49_30_334.jpg;0;0;0;1.356499;102.3309;88.76492;359.7035;42.22639;0.3404611
../recorded_data/IMG/robocam_2018_12_15_18_49_30_400.jpg;0;0;0;1.350114;102.3909;88.81924;359.7006;42.22554;0.3502077
../recorded_data/IMG/robocam_2018_12_15_18_49_30_467.jpg;0;0;0;1.345351;102.4707;88.89147;359.7061;42.22322;0.3428969
../recorded_data/IMG/robocam_2018_12_15_18_49_30_533.jpg;0;0;0;1.340761;102.5304;88.94547;359.7126;42.22173;0.3274624
../recorded_data/IMG/robocam_2018_12_15_18_49_30_601.jpg;0;0;0;1.334563;102.5898;88.99932;359.7194;42.22152;0.3067114
../recorded_data/IMG/robocam_2018_12_15_18_49_30_668.jpg;0;0;0;1.330029;102.6687;89.07082;359.726;42.22155;0.2725756
../recorded_data/IMG/robocam_2018_12_15_18_49_30_736.jpg;0;0;0;1.325513;102.7276;89.12422;359.729;42.22159;0.2431908
../recorded_data/IMG/robocam_2018_12_15_18_49_30_802.jpg;0;0;0;1.319515;102.7862;89.17744;359.7306;42.22162;0.2115391
../recorded_data/IMG/robocam_2018_12_15_18_49_30_867.jpg;0;0;0;1.315032;102.8641;89.24809;359.7307;42.22165;0.1672651
../recorded_data/IMG/robocam_2018_12_15_18_49_30_934.jpg;0;0;0;1.310561;102.9222;89.30087;359.7295;42.22166;0.1335271
../recorded_data/IMG/robocam_2018_12_15_18_49_31_000.jpg;0;0;0;1.304619;102.9802;89.35346;359.7274;42.22167;0.1001345
../recorded_data/IMG/robocam_2018_12_15_18_49_31_067.jpg;0;0;0;1.300176;103.0571;89.42329;359.7237;42.22166;0.05724938
../recorded_data/IMG/robocam_2018_12_15_18_49_31_134.jpg;0;0;0;1.295744;103.1145;89.47546;359.7203;42.22165;0.02703146
../recorded_data/IMG/robocam_2018_12_15_18_49_31_200.jpg;0;0;0;1.289853;103.1718;89.52745;359.7167;42.22164;-0.001004964
../recorded_data/IMG/robocam_2018_12_15_18_49_31_267.jpg;0;0;0;1.285449;103.2478;89.5965;359.7118;42.2216;359.9656
../recorded_data/IMG/robocam_2018_12_15_18_49_31_333.jpg;0;0;0;1.281011;103.3046;89.64822;359.7157;42.22393;359.9513
../recorded_data/IMG/robocam_2018_12_15_18_49_31_399.jpg;0;0;0;1.275082;103.3612;89.69975;359.7203;42.22527;359.9395
../recorded_data/IMG/robocam_2018_12_15_18_49_31_466.jpg;0;0;0;1.270615;103.4366;89.76816;359.7288;42.22582;359.9291
../recorded_data/IMG/robocam_2018_12_15_18_49_31_533.jpg;0;0;0;1.266288;103.4928;89.81927;359.7353;42.22671;359.9256
../recorded_data/IMG/robocam_2018_12_15_18_49_31_600.jpg;0;0;0;1.260449;103.5489;89.87022;359.743;42.22715;359.9254
../recorded_data/IMG/robocam_2018_12_15_18_49_31_666.jpg;0;0;0;1.256165;103.6233;89.93782;359.7504;42.22717;359.9272
../recorded_data/IMG/robocam_2018_12_15_18_49_31_733.jpg;0;0;0;1.251898;103.6789;89.9883;359.7537;42.22715;359.9301
../recorded_data/IMG/robocam_2018_12_15_18_49_31_800.jpg;0;0;0;1.246233;103.7343;90.03862;359.7569;42.22796;359.9361
../recorded_data/IMG/robocam_2018_12_15_18_49_31_867.jpg;0;0;0;1.241925;103.8079;90.10542;359.7613;42.22834;359.9464
../recorded_data/IMG/robocam_2018_12_15_18_49_31_933.jpg;0;0;0;1.237708;103.8628;90.15529;359.7625;42.22834;359.9546
../recorded_data/IMG/robocam_2018_12_15_18_49_32_000.jpg;0;0;0;1.232109;103.9176;90.20497;359.762;42.22834;359.9628
../recorded_data/IMG/robocam_2018_12_15_18_49_32_067.jpg;0;0;0;1.227924;103.9902;90.27093;359.7592;42.22834;359.9739
../recorded_data/IMG/robocam_2018_12_15_18_49_32_134.jpg;3.016981;0;0;1.223626;104.0437;90.32098;359.755;42.3941;0.007695746
../recorded_data/IMG/robocam_2018_12_15_18_49_32_200.jpg;3.017931;0;0;1.217051;104.0963;90.37165;359.7552;42.71605;0.05659355
../recorded_data/IMG/robocam_2018_12_15_18_49_32_266.jpg;0.02007365;0;0;1.213048;104.1672;90.43803;359.7615;42.85775;0.07711951
../recorded_data/IMG/robocam_2018_12_15_18_49_32_333.jpg;3.016536;0;0;1.208755;104.2195;90.48814;359.7646;43.02749;0.1059533
../recorded_data/IMG/robocam_2018_12_15_18_49_32_401.jpg;6.016592;0;0;1.202187;104.2708;90.53912;359.772;43.39923;0.1558867
../recorded_data/IMG/robocam_2018_12_15_18_49_32_467.jpg;2.994434;0;0;1.19758;104.3387;90.60699;359.7892;43.84674;0.2050967
../recorded_data/IMG/robocam_2018_12_15_18_49_32_534.jpg;0.006662607;0;0;1.193743;104.3902;90.65696;359.8002;43.93845;0.2084189
../recorded_data/IMG/robocam_2018_12_15_18_49_32_601.jpg;0;0;0;1.188352;104.4416;90.7065;359.8075;43.94425;0.2005047
../recorded_data/IMG/robocam_2018_12_15_18_49_32_668.jpg;0;0;0;1.18434;104.5099;90.77225;359.812;43.94471;0.1848133
../recorded_data/IMG/robocam_2018_12_15_18_49_32_734.jpg;0;0;0;1.180342;104.5609;90.82132;359.8127;43.94426;0.1687644
../recorded_data/IMG/robocam_2018_12_15_18_49_32_800.jpg;0;0;0;1.174983;104.6116;90.87022;359.8124;43.94406;0.1499208
../recorded_data/IMG/robocam_2018_12_15_18_49_32_867.jpg;0;0;0;1.171013;104.679;90.93513;359.8082;43.94408;0.1229629
../recorded_data/IMG/robocam_2018_12_15_18_49_32_935.jpg;0;0;0;1.167052;104.7293;90.98361;359.8026;43.9441;0.1019173
../recorded_data/IMG/robocam_2018_12_15_18_49_33_000.jpg;0;0;0;1.161784;104.7794;91.0319;359.7955;43.94411;0.08070351
../recorded_data/IMG/robocam_2018_12_15_18_49_33_067.jpg;0;0;0;1.157843;104.8459;91.09602;359.7842;43.94412;0.052919
../recorded_data/IMG/robocam_2018_12_15_18_49_33_134.jpg;0;0;0;1.153908;104.8955;91.14391;359.7751;43.94412;0.03296194
../recorded_data/IMG/robocam_2018_12_15_18_49_33_200.jpg;0;0;0;1.148675;104.945;91.19164;359.7657;43.94412;0.01413503
../recorded_data/IMG/robocam_2018_12_15_18_49_33_267.jpg;0;0;0;1.144759;105.0107;91.25503;359.7534;43.9441;359.9913
../recorded_data/IMG/robocam_2018_12_15_18_49_33_334.jpg;-3.012754;0;0;1.140717;105.0606;91.3017;359.7494;43.78789;359.9573
../recorded_data/IMG/robocam_2018_12_15_18_49_33_401.jpg;0;0;0;1.135011;105.1101;91.34844;359.7506;43.67691;359.9372
../recorded_data/IMG/robocam_2018_12_15_18_49_33_468.jpg;0;0;0;1.131072;105.1756;91.41093;359.753;43.66666;359.9286
../recorded_data/IMG/robocam_2018_12_15_18_49_33_534.jpg;0;0;0;1.127216;105.2244;91.45765;359.7556;43.66725;359.9266
../recorded_data/IMG/robocam_2018_12_15_18_49_33_601.jpg;0;0;0;1.122018;105.2731;91.50419;359.7597;43.66756;359.9272
../recorded_data/IMG/robocam_2018_12_15_18_49_33_667.jpg;0;0;0;1.118198;105.3379;91.56598;359.7635;43.66756;359.9301
../recorded_data/IMG/robocam_2018_12_15_18_49_33_734.jpg;-1.494586;0;0;1.114392;105.3865;91.61187;359.7666;43.6095;359.9262
../recorded_data/IMG/robocam_2018_12_15_18_49_33_800.jpg;-4.498649;0;0;1.108802;105.4357;91.65668;359.7702;43.37467;359.8985
../recorded_data/IMG/robocam_2018_12_15_18_49_33_867.jpg;-7.492858;0;0;1.103739;105.5028;91.71438;359.7828;42.73013;359.8257
../recorded_data/IMG/robocam_2018_12_15_18_49_33_933.jpg;-10.49171;0;0;1.098149;105.5542;91.75575;359.7946;42.00675;359.7403
../recorded_data/IMG/robocam_2018_12_15_18_49_34_000.jpg;-13.4901;0;0;1.089467;105.6065;91.79543;359.8133;41.09792;359.6376
../recorded_data/IMG/robocam_2018_12_15_18_49_34_067.jpg;-10.47389;0;0;1.084167;105.6768;91.84718;359.8467;39.93577;359.5152
../recorded_data/IMG/robocam_2018_12_15_18_49_34_134.jpg;-7.490294;0;0;1.081081;105.7292;91.88609;359.8753;39.28725;359.4582
../recorded_data/IMG/robocam_2018_12_15_18_49_34_201.jpg;-4.489922;0;0;1.077105;105.7811;91.92522;359.9028;38.83129;359.4323
../recorded_data/IMG/robocam_2018_12_15_18_49_34_268.jpg;-7.552441;0;0;1.073325;105.8508;91.97604;359.9325;38.17432;359.3965
../recorded_data/IMG/robocam_2018_12_15_18_49_34_339.jpg;-4.568987;0;0;1.069103;105.9028;92.01387;359.9496;37.75613;359.3892
../recorded_data/IMG/robocam_2018_12_15_18_49_34_402.jpg;-1.573652;0;0;1.064909;105.9541;92.05206;359.9595;37.52521;359.4116
../recorded_data/IMG/robocam_2018_12_15_18_49_34_468.jpg;0;0;0;1.061357;106.0215;92.10368;359.9591;37.49092;359.4843
../recorded_data/IMG/robocam_2018_12_15_18_49_34_534.jpg;0;0;0;1.057855;106.0717;92.1422;359.9514;37.49002;359.5465
../recorded_data/IMG/robocam_2018_12_15_18_49_34_600.jpg;0;0;0;1.053193;106.1216;92.18053;359.9387;37.48981;359.6122
../recorded_data/IMG/robocam_2018_12_15_18_49_34_667.jpg;0;0;0;1.049691;106.1879;92.23134;359.9155;37.48964;359.7027
../recorded_data/IMG/robocam_2018_12_15_18_49_34_734.jpg;0;0;0;1.046181;106.2374;92.26925;359.8949;37.48954;359.7706
../recorded_data/IMG/robocam_2018_12_15_18_49_34_800.jpg;0;0;0;1.041487;106.2867;92.30701;359.8724;37.48948;359.8371
../recorded_data/IMG/robocam_2018_12_15_18_49_34_867.jpg;0;0;0;1.037957;106.3521;92.35712;359.8413;37.48945;359.9214
../recorded_data/IMG/robocam_2018_12_15_18_49_34_935.jpg;0;0;0;1.034422;106.401;92.39456;359.8182;37.48946;359.98
../recorded_data/IMG/robocam_2018_12_15_18_49_35_001.jpg;-2.997766;0;0;1.029681;106.4502;92.43124;359.7955;37.37419;0.01603751
../recorded_data/IMG/robocam_2018_12_15_18_49_35_067.jpg;-5.984234;0;0;1.025635;106.5168;92.47816;359.7645;36.91074;0.01080124
../recorded_data/IMG/robocam_2018_12_15_18_49_35_134.jpg;-2.983453;0;0;1.021778;106.5665;92.51334;359.7443;36.62654;0.01044284
../recorded_data/IMG/robocam_2018_12_15_18_49_35_200.jpg;0;0;0;1.017377;106.6156;92.5491;359.7276;36.52102;0.02843122
../recorded_data/IMG/robocam_2018_12_15_18_49_35_267.jpg;-1.500117;0;0;1.013804;106.6809;92.59679;359.7143;36.45602;0.04840869
../recorded_data/IMG/robocam_2018_12_15_18_49_35_333.jpg;0;0;0;1.010071;106.7296;92.63261;359.7115;36.43884;0.061901
../recorded_data/IMG/robocam_2018_12_15_18_49_35_400.jpg;0;0;0;1.005311;106.7782;92.66843;359.7136;36.43765;0.07262614
../recorded_data/IMG/robocam_2018_12_15_18_49_35_466.jpg;0;0;0;1.001851;106.8427;92.71603;359.7214;36.4365;0.08026782
../recorded_data/IMG/robocam_2018_12_15_18_49_35_534.jpg;0;0;0;0.9983194;106.891;92.75165;359.7299;36.43641;0.082968
../recorded_data/IMG/robocam_2018_12_15_18_49_35_600.jpg;0;0;0;0.9937578;106.9391;92.78714;359.7386;36.43642;0.08377834
../recorded_data/IMG/robocam_2018_12_15_18_49_35_667.jpg;0;0;0;0.9903561;107.003;92.83427;359.7501;36.43644;0.08213473
../recorded_data/IMG/robocam_2018_12_15_18_49_35_734.jpg;0;0;0;0.9869703;107.0507;92.86948;359.7582;36.43645;0.07909407
../recorded_data/IMG/robocam_2018_12_15_18_49_35_801.jpg;0;0;0;0.9824797;107.0982;92.90456;359.7658;36.43646;0.07472362
../recorded_data/IMG/robocam_2018_12_15_18_49_35_869.jpg;0;0;0;0.9791282;107.1613;92.95116;359.7748;36.43647;0.06718774
../recorded_data/IMG/robocam_2018_12_15_18_49_35_935.jpg;0;0;0;0.9757907;107.2085;92.98594;359.7806;36.43648;0.06052932
../recorded_data/IMG/robocam_2018_12_15_18_49_36_000.jpg;0;0;0;0.9713613;107.2554;93.02061;359.7855;36.43649;0.05324211
../recorded_data/IMG/robocam_2018_12_15_18_49_36_067.jpg;0;0;0;0.9680541;107.3178;93.06664;359.7906;36.43649;0.04289921
../recorded_data/IMG/robocam_2018_12_15_18_49_36_134.jpg;0;0;0;0.9647587;107.3643;93.10101;359.7935;36.43649;0.0349214
../recorded_data/IMG/robocam_2018_12_15_18_49_36_200.jpg;0;0;0;0.9603827;107.4107;93.13525;359.7954;36.43649;0.02695213
../recorded_data/IMG/robocam_2018_12_15_18_49_36_267.jpg;0;0;0;0.9571137;107.4723;93.18073;359.7968;36.43649;0.01661573
../recorded_data/IMG/robocam_2018_12_15_18_49_36_334.jpg;0;0;0;0.9538552;107.5183;93.21468;359.7971;36.43649;0.009260954
../recorded_data/IMG/robocam_2018_12_15_18_49_36_400.jpg;0;0;0;0.9495269;107.5641;93.24852;359.7967;36.43648;0.002378301
../recorded_data/IMG/robocam_2018_12_15_18_49_36_467.jpg;0;0;0;0.9462925;107.625;93.29345;359.7956;36.43647;359.9941
../recorded_data/IMG/robocam_2018_12_15_18_49_36_533.jpg;0;0;0;0.9430678;107.6704;93.32701;359.7943;36.43646;359.9887
../recorded_data/IMG/robocam_2018_12_15_18_49_36_600.jpg;0;0;0;0.9387838;107.7157;93.36046;359.7927;36.43645;359.9839
../recorded_data/IMG/robocam_2018_12_15_18_49_36_667.jpg;0;0;0;0.9355819;107.7758;93.4049;359.7915;36.43701;359.9801
../recorded_data/IMG/robocam_2018_12_15_18_49_36_735.jpg;0;0;0;0.9323395;107.8208;93.4381;359.7922;36.43719;359.979
../recorded_data/IMG/robocam_2018_12_15_18_49_36_801.jpg;0;0;0;0.9281018;107.8656;93.47118;359.7925;36.4372;359.9782
../recorded_data/IMG/robocam_2018_12_15_18_49_36_868.jpg;0;0;0;0.9249366;107.9251;93.51511;359.7926;36.43719;359.9781
../recorded_data/IMG/robocam_2018_12_15_18_49_36_934.jpg;0;0;0;0.921782;107.9695;93.54792;359.7923;36.43718;359.9785
../recorded_data/IMG/robocam_2018_12_15_18_49_37_000.jpg;0;0;0;0.9175916;108.0138;93.58062;359.792;36.43718;359.9792
../recorded_data/IMG/robocam_2018_12_15_18_49_37_067.jpg;-1.493148;0;0;0.9144609;108.0728;93.62379;359.7924;36.38591;359.9744
../recorded_data/IMG/robocam_2018_12_15_18_49_37_134.jpg;-4.490463;0;0;0.9109483;108.1177;93.65501;359.795;36.15432;359.9461
../recorded_data/IMG/robocam_2018_12_15_18_49_37_202.jpg;-7.477334;0;0;0.9056073;108.163;93.6851;359.8004;35.75784;359.8983
../recorded_data/IMG/robocam_2018_12_15_18_49_37_267.jpg;-10.47722;0;0;0.9005987;108.2245;93.72307;359.8132;34.94714;359.8035
../recorded_data/IMG/robocam_2018_12_15_18_49_37_335.jpg;-13.46881;0;0;0.8952304;108.2713;93.74977;359.827;34.14638;359.7133
../recorded_data/IMG/robocam_2018_12_15_18_49_37_401.jpg;-15;0;0;0.8867746;108.3185;93.77486;359.8415;33.21318;359.6094
../recorded_data/IMG/robocam_2018_12_15_18_49_37_468.jpg;-15;0;0;0.8818815;108.3819;93.80695;359.8697;31.95668;359.4846
../recorded_data/IMG/robocam_2018_12_15_18_49_37_535.jpg;-15;0;0;0.8773218;108.4295;93.83002;359.8954;31.01934;359.4031
../recorded_data/IMG/robocam_2018_12_15_18_49_37_600.jpg;-15;0;0;0.8713014;108.4773;93.85207;359.9189;30.084;359.3273
../recorded_data/IMG/robocam_2018_12_15_18_49_37_667.jpg;-15;0;0;0.8668399;108.5411;93.88012;359.9506;28.84548;359.2444
../recorded_data/IMG/robocam_2018_12_15_18_49_37_734.jpg;-15;0;0;0.8626149;108.589;93.90012;359.9731;27.92337;359.1961
../recorded_data/IMG/robocam_2018_12_15_18_49_37_800.jpg;-15;0;0;0.8570455;108.6369;93.91914;359.9893;27.00434;359.1541
../recorded_data/IMG/robocam_2018_12_15_18_49_37_867.jpg;-12.00259;0;0;0.8539552;108.7005;93.94421;0.00407186;25.94096;359.1393
../recorded_data/IMG/robocam_2018_12_15_18_49_37_934.jpg;-9.006089;0;0;0.8520248;108.7477;93.96314;0.001213533;25.33105;359.1607
../recorded_data/IMG/robocam_2018_12_15_18_49_38_000.jpg;-6.008281;0;0;0.8492538;108.7946;93.98238;-0.004789617;24.87557;359.2071
../recorded_data/IMG/robocam_2018_12_15_18_49_38_067.jpg;-3.013304;0;0;0.846956;108.8564;94.00881;359.9774;24.53578;359.3091
../recorded_data/IMG/robocam_2018_12_15_18_49_38_133.jpg;-0.01009405;0;0;0.8442189;108.9022;94.02939;359.9579;24.47708;359.4152
../recorded_data/IMG/robocam_2018_12_15_18_49_38_200.jpg;0;0;0;0.8402879;108.9477;94.05007;359.9355;24.4748;359.5283
../recorded_data/IMG/robocam_2018_12_15_18_49_38_267.jpg;0;0;0;0.8374745;109.0081;94.07748;359.9037;24.47453;359.6778
../recorded_data/IMG/robocam_2018_12_15_18_49_38_334.jpg;0;0;0;0.8346303;109.0533;94.09795;359.8795;24.47446;359.7862
../recorded_data/IMG/robocam_2018_12_15_18_49_38_400.jpg;0;0;0;0.8307979;109.0983;94.11835;359.8559;24.47445;359.8891
../recorded_data/IMG/robocam_2018_12_15_18_49_38_467.jpg;0;0;0;0.8279017;109.1581;94.14542;359.8264;24.47452;0.01533477
../recorded_data/IMG/robocam_2018_12_15_18_49_38_534.jpg;0;0;0;0.8249949;109.2028;94.16567;359.8066;24.47462;0.09999765
../recorded_data/IMG/robocam_2018_12_15_18_49_38_600.jpg;0;0;0;0.8211148;109.2473;94.18585;359.7892;24.47472;0.1750341
../recorded_data/IMG/robocam_2018_12_15_18_49_38_667.jpg;0;0;0;0.8182107;109.3067;94.21265;359.7757;24.47289;0.2531866
../recorded_data/IMG/robocam_2018_12_15_18_49_38_734.jpg;0;0;0;0.8150882;109.3513;94.23276;359.7777;24.47131;0.2929601
../recorded_data/IMG/robocam_2018_12_15_18_49_38_800.jpg;0;0;0;0.811093;109.3957;94.25285;359.7856;24.46976;0.3194904
../recorded_data/IMG/robocam_2018_12_15_18_49_38_867.jpg;0;0;0;0.8081994;109.4549;94.27958;359.8022;24.46772;0.3367056
../recorded_data/IMG/robocam_2018_12_15_18_49_38_934.jpg;0;0;0;0.8053587;109.4991;94.2996;359.8151;24.4676;0.3404562
../recorded_data/IMG/robocam_2018_12_15_18_49_39_000.jpg;0;0;0;0.8016902;109.5431;94.31954;359.8281;24.46703;0.3353028
../recorded_data/IMG/robocam_2018_12_15_18_49_39_067.jpg;0;0;0;0.7989409;109.6015;94.34606;359.843;24.46707;0.3189497
../recorded_data/IMG/robocam_2018_12_15_18_49_39_133.jpg;0;0;0;0.7962411;109.6451;94.36586;359.8517;24.46712;0.300419
../recorded_data/IMG/robocam_2018_12_15_18_49_39_200.jpg;0;0;0;0.792663;109.6885;94.3856;359.8584;24.46719;0.2774516
../recorded_data/IMG/robocam_2018_12_15_18_49_39_269.jpg;0;0;0;0.7899925;109.7461;94.41178;359.864;24.46725;0.2414186
../recorded_data/IMG/robocam_2018_12_15_18_49_39_334.jpg;0;0;0;0.7873303;109.789;94.43133;359.866;24.46727;0.2114457
../recorded_data/IMG/robocam_2018_12_15_18_49_39_400.jpg;0;0;0;0.7837912;109.8318;94.45081;359.8663;24.46732;0.1798665
../recorded_data/IMG/robocam_2018_12_15_18_49_39_467.jpg;0;0;0;0.781143;109.8886;94.47668;359.8644;24.46734;0.1366109
../recorded_data/IMG/robocam_2018_12_15_18_49_39_534.jpg;0;0;0;0.778499;109.9311;94.49599;359.8616;24.46735;0.1042415
../recorded_data/IMG/robocam_2018_12_15_18_49_39_600.jpg;0;0;0;0.7749802;109.9733;94.51524;359.8578;24.46735;0.07265602
../recorded_data/IMG/robocam_2018_12_15_18_49_39_667.jpg;0;0;0;0.7723457;110.0294;94.54079;359.8517;24.46733;0.03273668
../recorded_data/IMG/robocam_2018_12_15_18_49_39_734.jpg;0;0;0;0.7697157;110.0713;94.55988;359.8466;24.46732;0.005063463
../recorded_data/IMG/robocam_2018_12_15_18_49_39_800.jpg;0;0;0;0.7662166;110.1131;94.57892;359.8414;24.46729;359.9798
../recorded_data/IMG/robocam_2018_12_15_18_49_39_867.jpg;0;0;0;0.7635988;110.1685;94.60419;359.8344;24.46724;359.9502
../recorded_data/IMG/robocam_2018_12_15_18_49_39_934.jpg;0;0;0;0.7609872;110.2099;94.62306;359.8295;24.46719;359.9315
../recorded_data/IMG/robocam_2018_12_15_18_49_40_000.jpg;0;0;0;0.7575158;110.2512;94.64188;359.825;24.46716;359.9159
../recorded_data/IMG/robocam_2018_12_15_18_49_40_067.jpg;0;0;0;0.7549211;110.306;94.66687;359.8198;24.4671;359.8998
../recorded_data/IMG/robocam_2018_12_15_18_49_40_134.jpg;0;0;0;0.7523347;110.347;94.68558;359.8186;24.46783;359.8935
../recorded_data/IMG/robocam_2018_12_15_18_49_40_200.jpg;0;0;0;0.7488513;110.3879;94.70421;359.8182;24.46785;359.8896
../recorded_data/IMG/robocam_2018_12_15_18_49_40_267.jpg;0;0;0;0.7462535;110.4422;94.72897;359.8206;24.4683;359.8906
../recorded_data/IMG/robocam_2018_12_15_18_49_40_334.jpg;0;0;0;0.7437031;110.4828;94.74746;359.8224;24.46828;359.8935
../recorded_data/IMG/robocam_2018_12_15_18_49_40_400.jpg;0;0;0;0.7403185;110.5233;94.76588;359.8241;24.46826;359.8983
../recorded_data/IMG/robocam_2018_12_15_18_49_40_467.jpg;0;0;0;0.7377915;110.577;94.79034;359.8263;24.46822;359.9071
../recorded_data/IMG/robocam_2018_12_15_18_49_40_534.jpg;0;0;0;0.7352737;110.6171;94.80861;359.8278;24.46822;359.9153
../recorded_data/IMG/robocam_2018_12_15_18_49_40_600.jpg;0;0;0;0.7319306;110.6571;94.82681;359.8292;24.4682;359.9245
../recorded_data/IMG/robocam_2018_12_15_18_49_40_667.jpg;0;0;0;0.7294334;110.7103;94.85097;359.8308;24.46819;359.9378
../recorded_data/IMG/robocam_2018_12_15_18_49_40_733.jpg;0;0;0;0.7269447;110.7499;94.86902;359.8318;24.46819;359.9482
../recorded_data/IMG/robocam_2018_12_15_18_49_40_800.jpg;0;0;0;0.7236394;110.7895;94.887;359.8327;24.46819;359.9587
../recorded_data/IMG/robocam_2018_12_15_18_49_40_868.jpg;0;0;0;0.7211698;110.842;94.91088;359.8338;24.4682;359.9726
../recorded_data/IMG/robocam_2018_12_15_18_49_40_938.jpg;0;0;0;0.7187086;110.8812;94.92872;359.8344;24.46821;359.9826
../recorded_data/IMG/robocam_2018_12_15_18_49_41_001.jpg;0;0;0;0.7154397;110.9202;94.9465;359.8349;24.46822;359.992
../recorded_data/IMG/robocam_2018_12_15_18_49_41_069.jpg;0;0;0;0.7129976;110.9721;94.97009;359.8355;24.46822;0.003524719
../recorded_data/IMG/robocam_2018_12_15_18_49_41_134.jpg;0;0;0;0.7105635;111.0109;94.98773;359.8358;24.46824;0.01119827
../recorded_data/IMG/robocam_2018_12_15_18_49_41_201.jpg;0;0;0;0.7073305;111.0496;95.0053;359.8361;24.46825;0.01795768
../recorded_data/IMG/robocam_2018_12_15_18_49_41_267.jpg;0;0;0;0.7049153;111.1009;95.02864;359.8364;24.46828;0.0254562
../recorded_data/IMG/robocam_2018_12_15_18_49_41_334.jpg;0;0;0;0.7025082;111.1392;95.04607;359.8365;24.46828;0.02991022
../recorded_data/IMG/robocam_2018_12_15_18_49_41_400.jpg;0;0;0;0.6993114;111.1774;95.06345;359.8368;24.4683;0.03335899
../recorded_data/IMG/robocam_2018_12_15_18_49_41_467.jpg;0;0;0;0.6969233;111.2281;95.08651;359.837;24.46832;0.036429